{
  "2025-12": 208.4998576388889,
  "2026-01": 244.11700492831542,
  "2026-02": 391.6045010964912
}