{
  "2025-12": 205.95976080246913,
  "2026-01": 244.11700492831542,
  "2026-02": 393.1800677083333
}