{
  "2025-01": 59.19463709677419,
  "2025-02": 76.19766741071429,
  "2025-03": 194.45146505376346,
  "2025-04": 154.9287013888889,
  "2025-05": 174.03480174731183,
  "2025-06": 233.5024548611111,
  "2025-07": 208.78128024193546,
  "2025-08": 282.21839045698925,
  "2025-09": 256.5028506944444,
  "2025-10": 242.0366498655914,
  "2025-11": 276.9649479166667,
  "2025-12": 265.87883400537635,
  "2026-01": 244.1394623655914,
  "2026-02": 387.29246376811597
}